Manufacturer,Year,Mileage
acura,2014,63500.0
acura,2009,179389.0
acura,2008,118250.0
audi,2008,177422.0
audi,2015,47213.0
audi,2017,65833.0
audi,2005,181896.0
bmw,2014,33542.0
bmw,2008,77984.0
bmw,2017,23177.0
bmw,2013,46060.0
bmw,2017,17626.0
bmw,2017,22115.0
bmw,2014,44730.0
bmw,2017,23765.0
bmw,2017,29355.0
bmw,2000,216657.0
bmw,2020,7509.0
bmw,2016,39917.0
bmw,2017,61428.0
bmw,2016,31727.0
bmw,2016,24293.0
bmw,2011,80394.0
bmw,2016,33110.0
buick,2017,32107.0
buick,2017,46766.0
buick,2017,23765.0
buick,2017,14907.0
buick,2017,17940.0
buick,2017,60171.0
buick,2017,25434.0
buick,2006,137464.0
buick,2019,12406.0
buick,2018,20002.0
buick,2016,19655.0
buick,2014,31039.0
buick,2016,51393.0
cadillac,2016,46467.0
cadillac,2017,19011.0
cadillac,2019,16013.0
cadillac,2017,26562.0
cadillac,2017,35598.0
cadillac,2016,26667.0
cadillac,2017,32418.0
cadillac,2015,57932.0
cadillac,2015,36122.0
cadillac,2000,105169.0
chevrolet,2008,130623.0
chevrolet,2018,11150.0
chevrolet,2004,308451.0
chevrolet,2016,44653.0
chevrolet,2016,91248.0
chevrolet,2015,58504.0
chevrolet,2016,65336.0
chevrolet,2015,29937.0
chevrolet,2016,48974.0
chevrolet,2007,194903.0
chevrolet,2016,86541.0
chevrolet,2016,40011.0
chevrolet,2019,11564.0
chevrolet,2019,37444.0
chevrolet,2019,7654.0
chevrolet,2019,43199.0
chevrolet,2013,66079.0
chevrolet,1995,274706.0
chevrolet,2019,43589.0
chevrolet,2008,123515.0
chevrolet,2013,119981.0
chevrolet,2008,159266.0
chevrolet,2019,32870.0
chevrolet,2006,165327.0
chevrolet,2018,42941.0
chevrolet,2019,6159.0
chevrolet,2011,47269.0
chevrolet,2019,5938.0
chevrolet,2019,9019.0
chevrolet,2018,45836.0
chevrolet,2008,172102.0
chevrolet,2016,60215.0
chevrolet,2015,125507.0
chevrolet,2003,194673.0
chevrolet,2010,137422.0
chevrolet,2016,90944.0
chevrolet,2015,82785.0
chevrolet,2009,117059.0
chevrolet,2014,150525.0
chevrolet,2010,149189.0
chevrolet,2013,112267.0
chevrolet,2013,139394.0
chevrolet,2011,105244.0
chevrolet,2013,82543.0
chevrolet,2019,13532.0
chevrolet,2014,87673.0
chevrolet,2008,325611.0
chevrolet,2018,14751.0
chevrolet,2015,80711.0
chevrolet,2019,38826.0
chevrolet,2017,53273.0
chevrolet,2014,94356.0
chevrolet,2017,50408.0
chevrolet,2015,85792.0
chevrolet,2014,129068.0
chevrolet,2019,27665.0
chevrolet,2019,25427.0
chevrolet,2013,78198.0
chevrolet,2020,13886.0
chevrolet,2019,34538.0
chevrolet,2015,83173.0
chevrolet,2011,88287.0
chevrolet,2001,149543.0
chevrolet,2010,149189.0
chevrolet,2003,507985.0
chevrolet,2011,105486.0
chevrolet,2003,194673.0
chevrolet,2004,173321.0
chevrolet,2008,172102.0
chevrolet,2005,135675.0
chevrolet,2012,134938.0
chevrolet,2011,114547.0
chevrolet,2010,69622.0
chevrolet,2006,118009.0
chevrolet,2017,85315.0
chevrolet,2017,76211.0
chevrolet,2015,94150.0
chevrolet,2011,88359.0
chevrolet,2019,33739.0
chevrolet,2015,107971.0
chevrolet,2019,35309.0
chevrolet,2015,83279.0
chevrolet,2019,32248.0
chevrolet,2016,34454.0
chevrolet,2019,36165.0
chevrolet,2018,53194.0
chevrolet,2013,91638.0
chevrolet,2019,29922.0
chevrolet,2019,26848.0
chevrolet,2017,58932.0
chevrolet,2019,41163.0
chevrolet,2017,62739.0
chevrolet,2008,270080.0
chevrolet,2017,32856.0
chevrolet,2006,268040.0
chevrolet,2017,79965.0
chevrolet,2007,267834.0
chevrolet,2011,92476.0
chevrolet,2017,60733.0
chevrolet,2017,100315.0
chevrolet,2017,83168.0
chevrolet,2014,102500.0
chevrolet,2017,20847.0
chevrolet,2016,77429.0
chevrolet,2017,28739.0
chevrolet,2017,59965.0
chevrolet,2017,67620.0
chevrolet,2017,52322.0
chevrolet,2018,51347.0
chevrolet,2017,65344.0
chevrolet,2013,120667.0
chevrolet,2019,23759.0
chevrolet,2019,36423.0
chevrolet,2014,177322.0
chevrolet,2014,114660.0
chevrolet,2016,44280.0
chevrolet,2013,89152.0
chevrolet,2018,57751.0
chevrolet,2019,72172.0
chevrolet,2018,55532.0
chevrolet,2014,135127.0
chevrolet,2015,27927.0
chevrolet,2019,25223.0
chevrolet,2017,85697.0
chevrolet,2017,24009.0
chevrolet,2016,27593.0
chevrolet,2018,41751.0
chevrolet,2018,40345.0
chevrolet,2018,42561.0
chevrolet,2018,36047.0
chevrolet,2013,96314.0
chevrolet,2016,86031.0
chevrolet,2019,7622.0
chevrolet,2019,8067.0
chevrolet,2018,56296.0
chevrolet,2018,46494.0
chevrolet,2018,52618.0
chevrolet,2018,48807.0
chevrolet,2018,48427.0
chevrolet,2019,46149.0
chevrolet,2019,38278.0
chevrolet,2019,22026.0
chevrolet,2019,14939.0
chevrolet,2019,36443.0
chevrolet,2019,46863.0
chevrolet,2019,42267.0
chevrolet,2019,33745.0
chevrolet,2019,48982.0
chevrolet,2019,35705.0
chevrolet,2012,131791.0
chevrolet,2012,61258.0
chevrolet,2020,18715.0
chevrolet,2020,23470.0
chevrolet,2020,15577.0
chevrolet,2015,69377.0
chevrolet,2015,85301.0
chevrolet,2015,79506.0
chevrolet,2015,85072.0
chevrolet,2016,58856.0
chevrolet,2016,57825.0
chevrolet,2016,54655.0
chevrolet,2019,20681.0
chevrolet,2018,16502.0
chevrolet,2018,41672.0
chevrolet,2018,53599.0
chevrolet,2018,46915.0
chevrolet,2014,122018.0
chevrolet,2016,26474.0
chevrolet,2016,10103.0
chevrolet,2016,33588.0
chevrolet,2016,67527.0
chevrolet,2016,4445.0
chevrolet,2016,19403.0
chevrolet,2016,39951.0
chevrolet,2016,75506.0
chevrolet,2016,32984.0
chevrolet,2016,20270.0
chevrolet,2017,40878.0
chevrolet,2017,31029.0
chevrolet,2017,21268.0
chevrolet,2017,46497.0
chevrolet,2017,34420.0
chevrolet,2017,38458.0
chevrolet,2017,12780.0
chevrolet,2017,35664.0
chevrolet,2017,80516.0
chevrolet,2017,105151.0
chevrolet,2017,78368.0
chevrolet,2018,78956.0
chevrolet,2018,88564.0
chevrolet,2015,78800.0
chevrolet,2012,111856.0
chevrolet,2015,80946.0
chevrolet,1998,258631.0
chevrolet,2017,58606.0
chevrolet,2014,82020.0
chevrolet,2016,40253.0
chevrolet,2019,8150.0
chevrolet,2016,39624.0
chevrolet,2016,19659.0
chevrolet,2016,66640.0
chevrolet,2017,103955.0
chevrolet,2017,111635.0
chevrolet,2017,114344.0
chevrolet,2018,87264.0
chevrolet,2019,34470.0
chevrolet,2019,47282.0
chevrolet,2019,8996.0
chevrolet,2019,15524.0
chevrolet,2019,13485.0
chevrolet,2019,24561.0
chevrolet,2019,43082.0
chevrolet,2019,33331.0
chevrolet,2019,36198.0
chevrolet,2018,44333.0
chevrolet,2015,32332.0
chevrolet,2016,4266.0
chevrolet,2017,26003.0
chevrolet,2017,52667.0
chevrolet,2017,20784.0
chevrolet,2017,31141.0
chevrolet,2017,27498.0
chevrolet,2018,42941.0
chevrolet,2019,8516.0
chevrolet,2019,29841.0
chevrolet,2019,5523.0
chevrolet,2020,179.0
chevrolet,2015,81614.0
chevrolet,2015,91299.0
chevrolet,2016,48705.0
chevrolet,2019,25809.0
chevrolet,2017,33909.0
chevrolet,2017,33028.0
chevrolet,2016,93493.0
chevrolet,2017,31234.0
chevrolet,2017,19845.0
chevrolet,2017,36421.0
chevrolet,2017,46091.0
chevrolet,2017,51293.0
chevrolet,2017,28013.0
chevrolet,2017,39687.0
chevrolet,2017,55222.0
chevrolet,2018,16105.0
chevrolet,2017,47357.0
chevrolet,2017,14158.0
chevrolet,2017,33791.0
chevrolet,2017,110489.0
chevrolet,2017,31923.0
chevrolet,2017,19117.0
chevrolet,2017,24993.0
chevrolet,2018,52521.0
chevrolet,2017,12783.0
chevrolet,2017,28395.0
chevrolet,2017,35200.0
chevrolet,2018,18020.0
chevrolet,2015,45787.0
chevrolet,2011,76326.0
chevrolet,2018,56007.0
chevrolet,2013,56479.0
chevrolet,2014,173469.0
chevrolet,2020,13885.0
chevrolet,2020,18221.0
chevrolet,2020,13679.0
chevrolet,2020,13303.0
chevrolet,2020,16545.0
chevrolet,2020,13826.0
chevrolet,2020,7232.0
chevrolet,2018,42090.0
chevrolet,2017,52435.0
chevrolet,2018,57604.0
chevrolet,2016,33928.0
chevrolet,2016,32058.0
chevrolet,2016,44116.0
chevrolet,2018,11135.0
chevrolet,2016,18006.0
chevrolet,2016,33045.0
chevrolet,2009,261648.0
chevrolet,2016,58303.0
chevrolet,2016,28844.0
chevrolet,2016,33624.0
chevrolet,2016,71809.0
chevrolet,2019,15780.0
chevrolet,2016,43176.0
chevrolet,2018,6654.0
chevrolet,2019,9706.0
chevrolet,2018,2430.0
chevrolet,2018,9371.0
chevrolet,2019,6075.0
chevrolet,2018,30442.0
chevrolet,2019,27601.0
chevrolet,2010,149050.0
chevrolet,2018,22909.0
chevrolet,2013,167600.0
chevrolet,1973,46226.0
chevrolet,2015,61578.0
chevrolet,2017,18414.0
chrysler,2019,41792.0
chrysler,2017,32224.0
chrysler,2017,31311.0
chrysler,2015,88227.0
chrysler,2000,231240.0
chrysler,2005,151815.0
chrysler,2017,18375.0
chrysler,2011,114119.0
chrysler,2019,33135.0
chrysler,2017,138650.0
chrysler,2020,2473.0
chrysler,2007,104405.0
chrysler,2019,42648.0
chrysler,2019,38586.0
chrysler,2008,164048.0
chrysler,2019,25281.0
chrysler,2018,20942.0
chrysler,2019,34801.0
dodge,2015,94140.0
dodge,2012,145174.0
dodge,2018,22036.0
dodge,2019,10350.0
dodge,2019,10447.0
dodge,2019,33580.0
dodge,2019,23421.0
dodge,2017,38956.0
dodge,2015,67133.0
dodge,2013,135561.0
dodge,2012,217576.0
dodge,2019,26462.0
dodge,2019,21309.0
dodge,2019,31237.0
dodge,2019,27019.0
dodge,2019,30727.0
dodge,2019,41956.0
dodge,2019,8605.0
dodge,2019,30186.0
dodge,2019,36993.0
dodge,2013,124247.0
dodge,2013,139404.0
dodge,2019,10170.0
dodge,2019,37107.0
dodge,2019,73552.0
dodge,2019,10930.0
dodge,2019,22272.0
dodge,2016,101906.0
dodge,2012,157636.0
dodge,2019,31542.0
dodge,2019,29749.0
dodge,2019,13906.0
dodge,2019,30403.0
dodge,2018,42303.0
dodge,2017,39792.0
dodge,2012,99015.0
dodge,2018,35326.0
dodge,2019,27327.0
dodge,2019,30229.0
dodge,2019,43294.0
dodge,2018,26026.0
dodge,2019,54309.0
dodge,2019,45554.0
dodge,2019,37538.0
dodge,2019,35153.0
dodge,2019,38375.0
dodge,2019,23783.0
dodge,2019,30759.0
dodge,2019,38922.0
dodge,2012,165836.0
dodge,2019,52822.0
dodge,2018,20575.0
dodge,2019,28252.0
dodge,2017,30309.0
dodge,2012,101017.0
dodge,2013,33739.0
dodge,2019,23143.0
dodge,2012,88539.0
dodge,2019,17340.0
dodge,2013,84109.0
dodge,2019,10229.0
dodge,2016,99988.0
dodge,2020,5284.0
dodge,2019,35248.0
dodge,2019,27288.0
dodge,2019,48854.0
dodge,2019,38817.0
dodge,2019,22863.0
dodge,2018,40417.0
dodge,2019,22919.0
dodge,2019,23961.0
dodge,2018,24336.0
dodge,2019,31904.0
dodge,2019,20601.0
dodge,2019,6269.0
dodge,2019,14051.0
dodge,2014,98699.0
dodge,2019,35274.0
dodge,2018,33495.0
dodge,2019,39148.0
dodge,2019,31447.0
dodge,2018,37009.0
dodge,2019,28689.0
dodge,2019,29602.0
dodge,2019,36203.0
dodge,2019,30585.0
dodge,2019,32474.0
dodge,2019,30731.0
dodge,2019,25825.0
dodge,2019,30279.0
dodge,2019,49575.0
dodge,2019,27312.0
dodge,2019,36750.0
dodge,2019,29926.0
dodge,2019,29985.0
dodge,2018,48745.0
dodge,2019,31297.0
dodge,2019,38745.0
dodge,2019,35744.0
dodge,2019,43943.0
dodge,2019,34797.0
dodge,2019,33641.0
dodge,2019,43088.0
dodge,2019,30055.0
dodge,2019,35652.0
dodge,2019,14656.0
dodge,2019,19983.0
dodge,2019,26899.0
dodge,2019,17515.0
dodge,2019,34264.0
dodge,2019,36876.0
dodge,2016,22863.0
dodge,2019,34930.0
dodge,2019,40002.0
dodge,2017,27060.0
dodge,2019,37704.0
dodge,2019,27071.0
dodge,2019,36127.0
dodge,2019,30062.0
dodge,2019,26643.0
dodge,2019,7247.0
dodge,2019,35047.0
dodge,2019,46820.0
dodge,2019,14117.0
dodge,2018,50873.0
dodge,2019,9669.0
dodge,2019,32898.0
dodge,2015,13740.0
dodge,2019,32494.0
dodge,2019,15502.0
dodge,2019,23132.0
dodge,2019,20800.0
dodge,2019,13960.0
dodge,2019,37174.0
dodge,2019,34023.0
dodge,2019,44381.0
dodge,2019,30021.0
dodge,2019,10631.0
dodge,2019,8873.0
dodge,2017,51469.0
dodge,2017,40991.0
dodge,2019,9023.0
dodge,2019,28038.0
dodge,2014,40110.0
dodge,2015,60707.0
dodge,2019,28295.0
dodge,2019,25534.0
dodge,2018,12554.0
dodge,2013,83976.0
dodge,2019,34294.0
dodge,2019,40674.0
dodge,2013,126718.0
dodge,2017,89795.0
dodge,2018,20907.0
dodge,2019,19235.0
dodge,2019,27643.0
dodge,2018,41014.0
dodge,2019,3966.0
dodge,2019,35516.0
dodge,2018,8047.0
dodge,2017,57158.0
dodge,2019,9445.0
dodge,2019,17909.0
dodge,2018,54106.0
dodge,2019,11280.0
dodge,2019,9877.0
dodge,2019,13944.0
dodge,2016,26922.0
dodge,2019,12690.0
dodge,2013,239822.0
dodge,2014,74975.0
dodge,2019,28289.0
dodge,2019,38041.0
dodge,2019,20944.0
dodge,2017,52386.0
dodge,2018,14750.0
dodge,2019,34391.0
dodge,2019,22074.0
dodge,2019,28782.0
dodge,2019,30092.0
dodge,2019,26443.0
dodge,2019,34922.0
dodge,2019,28981.0
dodge,2019,32865.0
dodge,2014,117258.0
dodge,2019,16397.0
dodge,2019,16176.0
dodge,2019,1091.0
dodge,2019,39515.0
dodge,2019,17472.0
dodge,2019,19506.0
dodge,2014,122837.0
dodge,2014,86125.0
dodge,2019,30408.0
dodge,2019,35443.0
dodge,2014,95377.0
dodge,2019,32724.0
dodge,2019,45089.0
dodge,2019,35948.0
dodge,2019,18291.0
dodge,2019,41601.0
dodge,2019,26370.0
dodge,2019,18271.0
dodge,2019,18313.0
dodge,2019,9476.0
dodge,2018,57394.0
dodge,2017,13627.0
dodge,2018,42190.0
dodge,2019,22591.0
dodge,2018,48681.0
dodge,2018,42621.0
dodge,2017,27761.0
dodge,2013,107768.0
dodge,2019,14355.0
dodge,2019,8949.0
dodge,2019,9467.0
dodge,2012,80899.0
dodge,2012,123882.0
dodge,2019,10341.0
dodge,2019,19695.0
dodge,2019,13520.0
dodge,2014,96922.0
dodge,2014,72594.0
dodge,2019,17896.0
dodge,2019,11088.0
dodge,2019,15003.0
dodge,2019,29567.0
dodge,2019,15655.0
dodge,2019,26428.0
dodge,2019,29003.0
dodge,2019,32229.0
dodge,2014,69936.0
dodge,2019,26503.0
dodge,2019,15446.0
dodge,2014,128556.0
dodge,2019,23369.0
dodge,2019,8767.0
dodge,2019,48319.0
dodge,2019,15275.0
dodge,2019,33826.0
dodge,2019,16679.0
dodge,2019,26184.0
dodge,2019,21203.0
dodge,2019,17870.0
dodge,2019,14098.0
dodge,2019,13457.0
dodge,2019,29105.0
dodge,2019,34794.0
dodge,2017,51041.0
dodge,2018,22646.0
dodge,2019,14359.0
dodge,2019,14753.0
dodge,2018,18138.0
dodge,2019,23987.0
dodge,2019,17160.0
dodge,2019,26929.0
dodge,2019,25815.0
dodge,2017,81992.0
dodge,2019,5000.0
dodge,2015,62683.0
dodge,2013,107224.0
dodge,2013,184905.0
dodge,2019,35153.0
dodge,2019,26474.0
dodge,2019,30943.0
dodge,2019,46942.0
dodge,2019,20034.0
dodge,2019,17154.0
dodge,2016,79637.0
dodge,2019,12123.0
dodge,2016,107822.0
dodge,2019,10221.0
dodge,2015,95278.0
dodge,2018,38029.0
dodge,2017,32593.0
dodge,2019,30630.0
dodge,2016,72248.0
dodge,2019,41198.0
dodge,2019,26353.0
dodge,2019,28280.0
dodge,2012,130120.0
dodge,2019,15340.0
dodge,2018,12265.0
dodge,2014,94872.0
dodge,2018,17946.0
dodge,2018,26996.0
dodge,2019,5775.0
dodge,2018,6748.0
dodge,2019,14906.0
dodge,2015,107924.0
dodge,2018,41636.0
dodge,2018,5359.0
dodge,2015,70296.0
dodge,2017,11346.0
dodge,2017,7415.0
dodge,2013,107593.0
dodge,2016,50639.0
dodge,2019,6530.0
dodge,2016,17432.0
dodge,2019,26090.0
dodge,2019,20279.0
dodge,2018,38128.0
dodge,2019,34407.0
dodge,2019,18049.0
dodge,2019,24722.0
dodge,2017,32051.0
dodge,2017,14870.0
dodge,2019,25456.0
dodge,2013,109176.0
dodge,2016,32294.0
dodge,2015,7250.0
dodge,2019,41126.0
dodge,2018,59924.0
dodge,2017,21304.0
dodge,2018,52079.0
dodge,2018,54960.0
dodge,2013,80099.0
dodge,2019,23987.0
dodge,2017,84144.0
dodge,2019,18132.0
dodge,2014,85639.0
dodge,2018,50193.0
dodge,2017,74392.0
dodge,2017,76117.0
dodge,2018,36358.0
dodge,2017,90685.0
dodge,2017,54141.0
dodge,2016,82240.0
dodge,2016,66167.0
dodge,2012,144220.0
dodge,2019,19636.0
dodge,2018,19164.0
dodge,2016,41748.0
dodge,2019,32937.0
dodge,2017,15027.0
dodge,2013,86500.0
dodge,2014,144725.0
dodge,2013,163260.0
dodge,2018,19636.0
dodge,2018,34272.0
dodge,2018,42909.0
dodge,2016,55749.0
dodge,2012,79544.0
dodge,2015,89142.0
dodge,2017,20328.0
dodge,2018,29115.0
dodge,2012,149332.0
dodge,2019,35098.0
dodge,2019,35365.0
dodge,2015,88398.0
dodge,2018,30671.0
dodge,2017,23030.0
dodge,2018,37352.0
dodge,2019,27957.0
dodge,2019,30161.0
dodge,2015,26292.0
dodge,2019,25780.0
dodge,2019,25032.0
dodge,2019,28551.0
dodge,2015,93604.0
dodge,2017,62224.0
dodge,2017,35991.0
dodge,2015,23095.0
dodge,2017,34432.0
dodge,2017,48162.0
dodge,2014,68310.0
dodge,2014,48000.0
dodge,2019,35401.0
dodge,2014,105962.0
dodge,2014,96575.0
dodge,2014,13239.0
dodge,2014,24934.0
dodge,2014,46859.0
dodge,2014,44468.0
dodge,2014,62230.0
dodge,2014,37082.0
dodge,2014,23964.0
dodge,2014,11204.0
dodge,2015,100203.0
dodge,2014,7608.0
dodge,2014,49982.0
dodge,2019,4950.0
dodge,2013,111628.0
dodge,2012,15927.0
dodge,2018,36299.0
dodge,2018,28469.0
dodge,2019,29086.0
dodge,2016,13162.0
dodge,2015,10145.0
dodge,2019,29716.0
dodge,2018,39721.0
dodge,2017,59537.0
dodge,2018,32870.0
dodge,2018,42989.0
dodge,2016,49033.0
dodge,2018,33957.0
dodge,2008,177948.0
dodge,2018,38910.0
dodge,2014,123660.0
dodge,2018,36767.0
dodge,2018,19420.0
dodge,2015,17355.0
dodge,2012,66452.0
dodge,2018,50765.0
dodge,2018,6743.0
dodge,2018,32504.0
dodge,2018,52966.0
dodge,2018,35461.0
dodge,2007,112182.0
dodge,2005,219823.0
dodge,2015,93423.0
dodge,2001,109360.0
dodge,2018,39590.0
dodge,2002,185460.0
dodge,2018,45561.0
dodge,2018,39029.0
dodge,2011,35275.0
dodge,2018,47085.0
dodge,2011,162281.0
dodge,2006,111782.0
dodge,2016,83262.0
dodge,2015,3641.0
dodge,2019,10944.0
dodge,2019,32251.0
dodge,2016,87229.0
dodge,2017,46829.0
dodge,2014,74203.0
dodge,2019,26549.0
dodge,2009,107856.0
dodge,2007,160528.0
dodge,2018,28307.0
dodge,2018,49496.0
ford,2018,37878.0
ford,2019,15755.0
ford,2019,22906.0
ford,2015,59656.0
ford,2018,363.0
ford,2019,33462.0
ford,2013,143191.0
ford,2018,40375.0
ford,2017,32747.0
ford,2019,33717.0
ford,2019,16293.0
ford,2019,21546.0
ford,2019,51370.0
ford,2019,23512.0
ford,2016,69428.0
ford,2017,57853.0
ford,2016,99544.0
ford,2016,90946.0
ford,2016,23803.0
ford,2019,2382.0
ford,2019,31260.0
ford,2016,99941.0
ford,2016,141603.0
ford,2019,26591.0
ford,2019,15456.0
ford,2017,85218.0
ford,2019,33324.0
ford,2019,8402.0
ford,2019,41628.0
ford,2013,91652.0
ford,2020,2089.0
ford,2019,44778.0
ford,2015,92165.0
ford,2019,36616.0
ford,2015,80612.0
ford,2019,16569.0
ford,2019,39170.0
ford,2017,99923.0
ford,2019,34527.0
ford,2019,34277.0
ford,2020,7.0
ford,2019,25090.0
ford,2013,110748.0
ford,2020,740.0
ford,2019,22858.0
ford,2014,96076.0
ford,2019,24662.0
ford,2019,17510.0
ford,2019,35801.0
ford,2013,88781.0
ford,2019,36978.0
ford,2012,189776.0
ford,2019,11734.0
ford,2019,41399.0
ford,2019,51589.0
ford,2019,49254.0
ford,2019,43617.0
ford,2019,21976.0
ford,2019,11544.0
ford,2019,29632.0
ford,2019,20628.0
ford,2017,15075.0
ford,2019,17828.0
ford,2019,29850.0
ford,2017,33763.0
ford,2019,37059.0
ford,2019,41928.0
ford,2012,201187.0
ford,2019,15835.0
ford,2019,37044.0
ford,2012,151641.0
ford,2019,35233.0
ford,2019,26675.0
ford,2014,71205.0
ford,2017,96451.0
ford,2018,38157.0
ford,2018,50513.0
ford,2019,31408.0
ford,2019,18947.0
ford,2018,41351.0
ford,2019,32038.0
ford,2018,38279.0
ford,2019,30471.0
ford,2019,39976.0
ford,2018,41569.0
ford,2018,31598.0
ford,2019,31380.0
ford,2018,22179.0
ford,2019,29266.0
ford,2018,42156.0
ford,2019,30875.0
ford,2019,30609.0
ford,2019,31142.0
ford,2019,29508.0
ford,2018,38148.0
ford,2018,33475.0
ford,2018,34081.0
ford,2019,26821.0
ford,2018,40577.0
ford,2019,52355.0
ford,2018,30620.0
ford,2019,22019.0
ford,2018,36742.0
ford,2019,32305.0
ford,2019,32473.0
ford,2019,34696.0
ford,2018,43519.0
ford,2019,37716.0
ford,2018,41627.0
ford,2019,29986.0
ford,2018,41496.0
ford,2019,20613.0
ford,2018,43406.0
ford,2018,26186.0
ford,2019,12837.0
ford,2019,27461.0
ford,2017,91979.0
ford,2017,108727.0
ford,2017,94851.0
ford,2019,27082.0
ford,2017,107569.0
ford,2016,40371.0
ford,2017,32284.0
ford,2017,76258.0
ford,2019,5035.0
ford,2019,25638.0
ford,2016,50423.0
ford,2018,11739.0
ford,2018,19029.0
ford,2016,66655.0
ford,2018,31561.0
ford,2016,30325.0
ford,2017,59798.0
ford,2019,29633.0
ford,2014,147574.0
ford,2019,16934.0
ford,2018,74961.0
ford,2019,32154.0
ford,2018,37245.0
ford,2019,29345.0
ford,2018,25371.0
ford,2019,30054.0
ford,2018,11173.0
ford,2013,104764.0
ford,2019,30902.0
ford,2019,18902.0
ford,2019,13002.0
ford,2019,16725.0
ford,2019,14291.0
ford,2019,33451.0
ford,2019,5250.0
ford,2019,13822.0
ford,2019,9732.0
ford,2019,13558.0
ford,2019,28854.0
ford,2017,57889.0
ford,2018,41127.0
ford,2019,24993.0
ford,2019,19147.0
ford,2018,36124.0
ford,2019,13085.0
ford,2017,23223.0
ford,2019,36956.0
ford,2019,19493.0
ford,2013,95655.0
ford,2019,32365.0
ford,2019,41672.0
ford,2013,140870.0
ford,2019,31261.0
ford,2019,22001.0
ford,2014,103862.0
ford,2019,21150.0
ford,2019,21346.0
ford,2013,125451.0
ford,2019,39013.0
ford,2019,18418.0
ford,2019,14358.0
ford,2019,27774.0
ford,2015,105027.0
ford,2019,27806.0
ford,2019,16924.0
ford,2017,41925.0
ford,2019,9278.0
ford,2019,15792.0
ford,2017,43527.0
ford,2015,128505.0
ford,2019,18202.0
ford,2018,89809.0
ford,2016,96129.0
ford,2019,12174.0
ford,2018,59549.0
ford,2015,116539.0
ford,2019,12928.0
ford,2017,132150.0
ford,2012,186713.0
ford,2019,34734.0
ford,2019,10475.0
ford,2019,36305.0
ford,2013,82670.0
ford,2019,30181.0
ford,2015,54198.0
ford,2015,33717.0
ford,2013,119869.0
ford,2019,31586.0
ford,2016,39851.0
ford,2017,137789.0
ford,2019,13230.0
ford,2018,24480.0
ford,2019,13673.0
ford,2018,30002.0
ford,2019,15759.0
ford,2019,13035.0
ford,2018,5440.0
ford,2019,17964.0
ford,2019,13516.0
ford,2019,11437.0
ford,2019,13526.0
ford,2019,16770.0
ford,2019,13269.0
ford,2019,9556.0
ford,2019,12886.0
ford,2014,141595.0
ford,2019,11313.0
ford,2019,11028.0
ford,2015,192108.0
ford,2019,16391.0
ford,2017,81660.0
ford,2019,11763.0
ford,2017,34165.0
ford,2019,27689.0
ford,2019,16625.0
ford,2016,56995.0
ford,2019,27794.0
ford,2019,21055.0
ford,2016,116730.0
ford,2019,28117.0
ford,2019,15964.0
ford,2016,76572.0
ford,2019,23795.0
ford,2019,18982.0
ford,2016,29367.0
ford,2019,12260.0
ford,2016,116519.0
ford,2019,12688.0
ford,2016,96151.0
ford,2019,13405.0
ford,2016,69829.0
ford,2019,14004.0
ford,2016,104867.0
ford,2019,13458.0
ford,2019,31727.0
ford,2019,17392.0
ford,2019,17260.0
ford,2019,40772.0
ford,2019,25046.0
ford,2014,93832.0
ford,2019,19022.0
ford,2019,28938.0
ford,2015,28801.0
ford,2019,16448.0
ford,2015,59726.0
ford,2019,14994.0
ford,2012,101848.0
ford,2019,22318.0
ford,2019,23712.0
ford,2019,22458.0
ford,2013,133314.0
ford,2019,13265.0
ford,2012,104559.0
ford,2013,82072.0
ford,2019,34191.0
ford,2014,148442.0
ford,2019,24783.0
ford,2016,54984.0
ford,2013,70106.0
ford,2019,17301.0
ford,2019,27413.0
ford,2019,39733.0
ford,2019,18762.0
ford,2019,16509.0
ford,2019,38243.0
ford,2019,23019.0
ford,2019,24765.0
ford,2019,15422.0
ford,2019,34822.0
ford,2019,19055.0
ford,2019,24272.0
ford,2019,34173.0
ford,2019,32022.0
ford,2019,33808.0
ford,2019,35221.0
ford,2019,35951.0
ford,2019,27136.0
ford,2019,36252.0
ford,2020,2452.0
ford,2012,188394.0
ford,2019,19151.0
ford,2019,44383.0
ford,2013,74195.0
ford,2019,25552.0
ford,2013,89490.0
ford,2019,6140.0
ford,2019,14939.0
ford,2014,162918.0
ford,2016,87686.0
ford,2019,23222.0
ford,2012,181316.0
ford,2015,157057.0
ford,2012,100264.0
ford,2017,35021.0
ford,2015,59869.0
ford,2016,58902.0
ford,2017,85688.0
ford,2017,43532.0
ford,2017,66366.0
ford,2019,20357.0
ford,2015,44456.0
ford,2016,147935.0
ford,2019,13644.0
ford,2013,138524.0
ford,2019,11669.0
ford,2019,25623.0
ford,2015,45218.0
ford,2019,32526.0
ford,2016,69402.0
ford,2014,76336.0
ford,2019,6711.0
ford,2020,17858.0
ford,2019,9865.0
ford,2020,12748.0
ford,2019,15821.0
ford,2020,23984.0
ford,2019,15656.0
ford,2019,45512.0
ford,2019,12198.0
ford,2016,110826.0
ford,2013,122861.0
ford,2014,125369.0
ford,2013,109600.0
ford,2013,136661.0
ford,2014,123349.0
ford,2014,77386.0
ford,2014,74181.0
ford,2014,147903.0
ford,2014,135283.0
ford,2019,47628.0
ford,2012,163334.0
ford,2019,15820.0
ford,2018,33350.0
ford,2018,15296.0
ford,2018,37177.0
ford,2016,18367.0
ford,2019,14109.0
ford,2012,158781.0
ford,2016,27369.0
ford,2019,30208.0
ford,2019,24024.0
ford,2016,64999.0
ford,2019,8404.0
ford,2019,24987.0
ford,2018,8884.0
ford,2012,129659.0
ford,2019,31713.0
ford,2016,109996.0
ford,2018,6821.0
ford,2019,17867.0
ford,2016,110253.0
ford,2018,39364.0
ford,2018,4018.0
ford,2019,24126.0
ford,2019,21054.0
ford,2016,27940.0
ford,2012,113821.0
ford,2019,24116.0
ford,2019,14128.0
ford,2016,49882.0
ford,2019,38964.0
ford,2012,102705.0
ford,2019,71.0
ford,2012,98620.0
ford,2016,15825.0
ford,2019,19793.0
ford,2019,29499.0
ford,2019,174.0
ford,2013,167552.0
ford,2016,16956.0
ford,2019,36896.0
ford,2013,77281.0
ford,2019,24795.0
ford,2016,16771.0
ford,2019,28692.0
ford,2014,100255.0
ford,2019,17310.0
ford,2017,48309.0
ford,2018,34071.0
ford,2019,9741.0
ford,2017,31017.0
ford,2019,37786.0
ford,2018,32415.0
ford,2018,10421.0
ford,2019,29305.0
ford,2017,51309.0
ford,2019,38001.0
ford,2018,14023.0
ford,2018,18849.0
ford,2019,36989.0
ford,2017,29320.0
ford,2019,34244.0
ford,2018,32938.0
ford,2018,40793.0
ford,2017,94741.0
ford,2019,25011.0
ford,2014,363810.0
ford,2018,43269.0
ford,2016,68666.0
ford,2018,38744.0
ford,2016,41233.0
ford,2019,13600.0
ford,2017,44956.0
ford,2016,72607.0
ford,2018,33815.0
ford,2019,31491.0
ford,2018,32149.0
ford,2016,26654.0
ford,2018,36637.0
ford,2019,13162.0
ford,2019,17000.0
ford,2016,40774.0
ford,2018,40338.0
ford,2019,40505.0
ford,2016,30735.0
ford,2019,33965.0
ford,2018,7339.0
ford,2018,42470.0
ford,2019,40670.0
ford,2018,15960.0
ford,2016,45814.0
ford,2019,26637.0
ford,2014,53102.0
ford,2014,87420.0
ford,2015,67052.0
ford,2013,58913.0
ford,2013,999999.0
ford,2015,14482.0
ford,2016,57084.0
ford,2017,90251.0
ford,2014,97320.0
ford,2016,97526.0
ford,2014,80652.0
ford,2013,115429.0
ford,2015,85549.0
ford,2013,83030.0
ford,2014,130168.0
ford,2013,80090.0
ford,2013,118593.0
ford,2014,143704.0
ford,2015,53507.0
ford,2014,99816.0
ford,2013,48408.0
ford,2016,49094.0
ford,2016,110333.0
ford,2019,17450.0
ford,2016,53986.0
ford,2019,15848.0
ford,2019,10770.0
ford,2019,14587.0
ford,2016,98625.0
ford,2019,10916.0
ford,2014,107173.0
ford,2015,138516.0
ford,2019,10134.0
ford,2019,10655.0
ford,2012,173601.0
ford,2019,14231.0
ford,2019,8985.0
ford,2016,84338.0
ford,2017,104290.0
ford,2017,45592.0
ford,2015,103960.0
ford,2017,43056.0
ford,2013,109672.0
ford,2019,28549.0
ford,2012,114500.0
ford,2012,129873.0
ford,2019,28669.0
ford,2017,32454.0
ford,2019,21800.0
ford,2014,231769.0
ford,2016,23796.0
ford,2019,42506.0
ford,2016,6249.0
ford,2019,35646.0
ford,2019,47496.0
ford,2019,39604.0
ford,2013,250831.0
ford,2016,7275.0
ford,2019,8806.0
ford,2016,105115.0
ford,2015,57340.0
ford,2019,36167.0
ford,2016,44941.0
ford,2016,10700.0
ford,2012,24581.0
ford,2019,23534.0
ford,2019,28922.0
ford,2012,67140.0
ford,2018,42168.0
ford,2015,80032.0
ford,2018,52240.0
ford,2019,34874.0
ford,2014,119689.0
ford,2019,37355.0
ford,2016,100947.0
ford,2019,26040.0
ford,2019,36638.0
ford,2015,137004.0
ford,2019,31794.0
ford,2015,131106.0
ford,2019,22013.0
ford,2017,42291.0
ford,2019,13155.0
ford,2019,24869.0
ford,2019,18454.0
ford,2016,16694.0
ford,2018,6881.0
ford,2014,80423.0
ford,2017,92405.0
ford,2019,15436.0
ford,2017,70727.0
ford,2019,29382.0
ford,2018,33194.0
ford,2017,52084.0
ford,2018,51122.0
ford,2017,40286.0
ford,2017,55420.0
ford,2018,10282.0
ford,2017,50874.0
ford,2017,85278.0
ford,2018,93350.0
ford,2019,37166.0
ford,2018,69480.0
ford,2016,34679.0
ford,2018,24151.0
ford,2019,32796.0
ford,2016,67979.0
ford,2018,18690.0
ford,2018,7258.0
ford,2012,78072.0
ford,2020,2162.0
ford,2018,24747.0
ford,2019,25810.0
ford,2015,130388.0
ford,2015,23878.0
ford,2019,15460.0
ford,2018,46710.0
ford,2015,65342.0
ford,2015,64061.0
ford,2016,93164.0
ford,2017,48707.0
ford,2015,35629.0
ford,2015,71573.0
ford,2017,33660.0
ford,2015,61168.0
ford,2017,42241.0
ford,2015,21004.0
ford,2017,45003.0
ford,2015,45278.0
ford,2017,1.0
ford,2015,118483.0
ford,2016,54251.0
ford,2018,32262.0
ford,2015,92358.0
ford,2019,29168.0
ford,2017,159182.0
ford,2019,16506.0
ford,2019,30476.0
ford,2016,131754.0
ford,2018,26095.0
ford,2018,22107.0
ford,2019,31207.0
ford,2018,15771.0
ford,2015,112810.0
ford,2015,109137.0
ford,2018,24058.0
ford,2018,6967.0
ford,2014,118340.0
ford,2018,36145.0
ford,2019,33942.0
ford,2018,38868.0
ford,2019,36190.0
ford,2018,19058.0
ford,2017,73846.0
ford,2019,17755.0
ford,2018,21616.0
ford,2015,90740.0
ford,2018,35225.0
ford,2015,129063.0
ford,2018,49985.0
ford,2015,52340.0
ford,2018,21406.0
ford,2019,16619.0
ford,2015,41293.0
ford,2018,37053.0
ford,2018,34532.0
ford,2017,13328.0
ford,2018,56836.0
ford,2016,48080.0
ford,2018,12271.0
ford,2014,97318.0
ford,2018,12717.0
ford,2019,12764.0
ford,2018,19951.0
ford,2019,32458.0
ford,2015,36041.0
ford,2019,39267.0
ford,2014,63291.0
ford,2015,56329.0
ford,2015,51884.0
ford,2018,4181.0
ford,2015,56703.0
ford,2018,4712.0
ford,2015,102800.0
ford,2018,7109.0
ford,2016,100943.0
ford,2015,3915.0
ford,2018,4512.0
ford,2018,15550.0
ford,2018,38370.0
ford,2020,671.0
ford,2016,61477.0
ford,2015,73891.0
ford,2014,168805.0
ford,2012,82564.0
ford,2016,85649.0
ford,2015,48374.0
ford,2015,62542.0
ford,2012,11990.0
ford,2015,39509.0
ford,2013,123983.0
ford,2017,104665.0
ford,2018,16194.0
ford,2014,48188.0
ford,2017,65164.0
ford,2019,35930.0
ford,2012,167376.0
ford,2018,13674.0
ford,2019,9235.0
ford,2019,35023.0
ford,2017,103002.0
ford,2015,137728.0
ford,2018,6921.0
ford,2019,14359.0
ford,2017,58118.0
ford,2019,31124.0
ford,2015,25734.0
ford,2018,14059.0
ford,2019,13472.0
ford,2019,12836.0
ford,2016,64111.0
ford,2015,28771.0
ford,2015,126708.0
ford,2015,31793.0
ford,2019,16505.0
ford,2015,74361.0
ford,2019,27868.0
ford,2015,34011.0
ford,2019,19993.0
ford,2015,48115.0
ford,2019,22543.0
ford,2019,24902.0
ford,2015,67091.0
ford,2015,59391.0
ford,2019,18449.0
ford,2015,71824.0
ford,2019,19304.0
ford,2015,39159.0
ford,2019,18708.0
ford,2015,79430.0
ford,2019,12393.0
ford,2019,28790.0
ford,2015,54325.0
ford,2015,75933.0
ford,2015,69719.0
ford,2015,27165.0
ford,2015,106546.0
ford,2015,54778.0
ford,2020,11729.0
ford,2015,85197.0
ford,2015,19130.0
ford,2015,72369.0
ford,2015,59646.0
ford,2014,68418.0
ford,2015,8400.0
ford,2015,45084.0
ford,2015,67037.0
ford,2015,64135.0
ford,2017,72377.0
ford,2015,39367.0
ford,2015,46540.0
ford,2015,40677.0
ford,2015,69438.0
ford,2015,96246.0
ford,2019,12155.0
ford,2019,9718.0
ford,2018,34100.0
ford,2019,9604.0
ford,2017,34165.0
ford,2019,9516.0
ford,2017,25698.0
ford,2010,155242.0
ford,2017,63418.0
ford,2017,19850.0
ford,2014,116535.0
ford,2014,64146.0
ford,2011,190552.0
ford,2017,18647.0
ford,1996,252588.0
ford,2017,27773.0
ford,2010,86841.0
ford,2017,14053.0
ford,2008,145483.0
ford,2010,185983.0
ford,2017,28464.0
ford,2007,154989.0
ford,2017,36295.0
ford,2019,15630.0
ford,2019,14786.0
ford,2019,16146.0
ford,2019,16059.0
ford,2019,15569.0
ford,2019,17488.0
ford,2019,18550.0
ford,2019,17644.0
ford,2019,17684.0
ford,2019,16600.0
ford,2013,100757.0
ford,2019,17801.0
ford,2001,295780.0
ford,2011,116480.0
ford,2015,124542.0
ford,2017,47129.0
ford,1994,206162.0
ford,2001,229886.0
ford,2015,100893.0
ford,2017,90304.0
ford,1997,146912.0
ford,1998,131367.0
ford,2015,50593.0
ford,2017,62387.0
ford,2015,82899.0
ford,2017,76418.0
ford,2006,240740.0
ford,2015,82534.0
ford,2017,55732.0
ford,2010,198596.0
ford,1998,300021.0
ford,2015,74754.0
ford,2017,27661.0
ford,2010,115241.0
ford,1984,41577.0
ford,2015,26911.0
ford,2019,21527.0
ford,2014,56461.0
ford,2013,54380.0
ford,2017,35714.0
ford,2017,35905.0
ford,2017,35747.0
ford,2004,167011.0
ford,2017,72084.0
ford,2019,17159.0
ford,2019,17983.0
ford,2019,17851.0
ford,2017,119439.0
ford,2015,54396.0
ford,2016,91606.0
ford,2015,2807.0
ford,2017,78739.0
ford,2015,71955.0
ford,2015,48472.0
ford,2012,98470.0
ford,2015,28937.0
ford,2015,83693.0
ford,2014,90888.0
ford,2012,216942.0
ford,2015,205796.0
ford,2019,6500.0
ford,2018,39943.0
ford,2020,5920.0
ford,2018,71478.0
ford,2017,119520.0
ford,2020,10882.0
ford,2019,29010.0
ford,2016,69003.0
ford,2019,16207.0
ford,2018,29748.0
ford,2019,25582.0
ford,2019,24520.0
ford,2016,104383.0
ford,2019,34164.0
ford,2020,6975.0
ford,2016,67150.0
ford,2015,29733.0
ford,2017,72418.0
ford,2017,99375.0
ford,2017,92100.0
ford,2019,18174.0
ford,2019,18759.0
ford,2019,18901.0
ford,2019,21157.0
ford,2019,23964.0
ford,2019,20154.0
ford,2019,23294.0
ford,2019,20343.0
ford,2019,19100.0
ford,2019,20014.0
ford,2019,21774.0
ford,2019,21201.0
ford,2019,21766.0
ford,2019,17977.0
ford,2009,184889.0
ford,2019,22805.0
ford,2019,9660.0
ford,2019,18969.0
ford,2019,24730.0
ford,2019,15847.0
ford,2019,25009.0
ford,2019,11836.0
ford,2019,25508.0
ford,2019,18196.0
ford,2019,16106.0
ford,2019,12735.0
ford,2019,17417.0
ford,2019,17025.0
ford,2019,15805.0
ford,2019,11342.0
ford,2019,14382.0
ford,2015,100820.0
ford,2009,180364.0
ford,2015,143818.0
ford,2017,29168.0
ford,2017,21770.0
ford,2017,30318.0
ford,2017,48086.0
ford,2017,57611.0
ford,2017,84916.0
ford,2017,24521.0
ford,2017,35888.0
ford,2014,204155.0
ford,2016,86826.0
ford,2016,62774.0
ford,2016,72885.0
ford,2016,33514.0
ford,2016,77638.0
ford,2016,24157.0
ford,2014,47055.0
ford,2014,75785.0
ford,2017,42289.0
ford,2014,79422.0
ford,2017,66582.0
ford,2015,61436.0
ford,2017,55618.0
ford,2017,40747.0
ford,2017,37176.0
ford,2017,72445.0
ford,2014,123355.0
ford,2017,60219.0
ford,2011,135077.0
ford,2017,76858.0
ford,2018,34819.0
ford,2011,309564.0
ford,2017,29882.0
ford,2018,21405.0
ford,2017,46010.0
ford,2013,105510.0
ford,2017,44174.0
ford,2008,93698.0
ford,2017,37792.0
ford,2003,58817.0
ford,2017,32366.0
ford,2003,176567.0
ford,2017,38123.0
ford,2017,15273.0
ford,2017,26241.0
ford,2017,44794.0
ford,2017,29942.0
ford,2017,25602.0
ford,2017,31792.0
ford,2017,36732.0
ford,2017,36139.0
ford,2016,84413.0
ford,2017,17617.0
ford,2016,36855.0
ford,2017,110316.0
ford,2017,120353.0
ford,2017,39333.0
ford,2015,42930.0
ford,2017,44929.0
ford,2018,16971.0
ford,2017,40455.0
ford,2018,23164.0
ford,2017,45191.0
ford,2017,42104.0
ford,2017,90618.0
ford,2017,31563.0
ford,2017,126523.0
ford,2016,57289.0
ford,2019,19956.0
ford,2016,21034.0
ford,2019,22881.0
ford,2016,37252.0
ford,2019,15958.0
ford,2017,30553.0
ford,2000,124969.0
ford,2019,15854.0
ford,2017,67279.0
ford,2019,16482.0
ford,2006,26914.0
ford,2017,67217.0
ford,2017,78698.0
ford,2003,246065.0
ford,2017,50732.0
ford,1998,186855.0
ford,2013,94004.0
ford,2017,49024.0
ford,1997,203297.0
ford,2017,46955.0
ford,1996,296860.0
ford,2006,203158.0
ford,2017,57186.0
ford,2002,214800.0
ford,2004,236980.0
ford,2015,102700.0
ford,2017,53270.0
ford,2019,18937.0
ford,2016,31944.0
ford,2011,76897.0
ford,2016,111476.0
ford,2017,209915.0
ford,2017,55854.0
ford,2016,45757.0
ford,2017,112893.0
ford,2016,126802.0
ford,2017,34061.0
ford,2015,70251.0
ford,2017,42426.0
ford,2017,41455.0
ford,2017,38815.0
ford,2017,61027.0
ford,2014,178703.0
ford,2017,37321.0
ford,2014,112789.0
ford,2017,67347.0
ford,2016,68142.0
ford,2016,66781.0
ford,2011,190994.0
ford,2016,32486.0
ford,2011,195908.0
ford,2008,62015.0
ford,2016,73321.0
ford,2008,132379.0
ford,2016,33291.0
ford,2005,225236.0
ford,2016,36876.0
ford,2016,84035.0
ford,2012,131101.0
ford,2016,101380.0
ford,2003,142027.0
ford,2012,90711.0
ford,2014,142286.0
ford,2019,15265.0
ford,2013,126381.0
ford,2017,27570.0
ford,2017,30113.0
ford,2017,37279.0
ford,2020,1117.0
ford,2020,10351.0
ford,2018,25201.0
ford,2018,19853.0
ford,2017,45188.0
ford,2018,21592.0
ford,2018,30594.0
ford,2018,24567.0
ford,2018,22284.0
ford,2018,21703.0
ford,2018,45798.0
ford,2018,41147.0
ford,2018,16079.0
ford,2018,52747.0
ford,2012,149712.0
ford,2017,25030.0
ford,2013,105743.0
ford,2017,42890.0
ford,2017,28359.0
ford,2017,3189.0
ford,2019,28070.0
ford,2017,76876.0
ford,2017,31871.0
ford,2013,146807.0
ford,2017,38639.0
ford,2019,24078.0
ford,2016,72851.0
ford,2017,80699.0
ford,2019,28534.0
ford,2020,122.0
ford,2016,52883.0
ford,2017,30629.0
ford,2018,1751.0
ford,2020,9861.0
ford,2019,21669.0
ford,2019,35929.0
ford,2018,55475.0
ford,2018,58576.0
ford,2019,18805.0
ford,2019,36064.0
ford,2019,23740.0
ford,2013,95386.0
ford,2012,138328.0
ford,2014,71989.0
ford,2014,43646.0
ford,2018,17942.0
ford,2018,18062.0
ford,2019,31744.0
ford,2019,10536.0
ford,2019,21101.0
ford,2019,26451.0
ford,2019,33930.0
ford,2019,9643.0
ford,2019,10763.0
ford,2019,11640.0
ford,2012,151035.0
ford,2017,29328.0
ford,2015,60015.0
ford,2019,10483.0
ford,2015,108998.0
ford,2019,40785.0
ford,2017,43964.0
ford,2019,4970.0
ford,2019,16765.0
ford,2019,9910.0
ford,2018,1.0
ford,2019,9915.0
ford,2019,33538.0
ford,2019,25071.0
ford,2019,26693.0
ford,2019,12953.0
ford,2019,35346.0
ford,2019,26590.0
ford,2019,11457.0
ford,2019,10167.0
ford,2019,17544.0
ford,2018,9800.0
ford,2016,47531.0
ford,2015,57345.0
ford,2016,67546.0
ford,2018,49177.0
ford,2019,26755.0
ford,2019,31236.0
ford,2015,47866.0
ford,2019,25422.0
ford,2015,73849.0
ford,2019,25698.0
ford,2018,39477.0
ford,2015,64495.0
ford,2019,19936.0
ford,2015,90855.0
ford,2019,27612.0
ford,2015,102590.0
ford,2019,19985.0
ford,2013,105880.0
ford,2015,136307.0
ford,2019,21051.0
ford,2019,20749.0
ford,2019,10028.0
ford,2018,15003.0
ford,2018,1.0
ford,2019,18431.0
ford,2019,15141.0
ford,2019,30770.0
ford,2013,175640.0
ford,2019,10028.0
ford,2019,33907.0
ford,2017,31657.0
ford,2019,9451.0
ford,2019,13896.0
ford,2019,20590.0
ford,2019,2384.0
ford,2019,9539.0
ford,2019,37106.0
ford,2019,17484.0
ford,2018,42307.0
ford,2019,11263.0
ford,2019,10808.0
ford,2019,12247.0
ford,2019,11251.0
ford,2019,20758.0
ford,2019,23926.0
ford,2019,18856.0
ford,2019,19121.0
ford,2019,17707.0
ford,2019,21740.0
ford,2014,45887.0
ford,2019,13058.0
ford,2019,16981.0
ford,2019,17263.0
ford,2019,22960.0
ford,2018,38289.0
ford,2019,18767.0
ford,2015,149319.0
ford,2019,26422.0
ford,2015,63445.0
ford,2012,137171.0
ford,2019,17689.0
ford,2019,18153.0
ford,2013,84752.0
ford,2017,57929.0
ford,2019,19555.0
ford,2018,17242.0
ford,2019,17995.0
ford,2019,16143.0
ford,2014,70181.0
ford,2019,15581.0
ford,2019,19731.0
ford,2019,11930.0
ford,2014,77392.0
ford,2019,17657.0
ford,2019,24072.0
ford,2013,103541.0
ford,2015,37739.0
ford,2019,13633.0
ford,2019,19227.0
ford,2013,113444.0
ford,2016,75580.0
ford,2019,16019.0
ford,2019,28733.0
ford,2019,16340.0
ford,2017,28007.0
ford,2019,10099.0
ford,2018,39733.0
ford,2015,75862.0
ford,2019,13763.0
ford,2019,5562.0
ford,2017,23960.0
ford,2019,8737.0
ford,2015,68319.0
ford,2019,13466.0
ford,2015,80354.0
ford,2015,51441.0
ford,2017,39027.0
ford,2019,9490.0
ford,2017,42895.0
ford,2019,11004.0
ford,2017,47866.0
ford,2019,16009.0
ford,2017,28252.0
ford,2019,14987.0
ford,2017,51107.0
ford,2019,8652.0
ford,2017,35095.0
ford,2014,67542.0
ford,2015,70954.0
ford,2014,92500.0
ford,2019,10444.0
ford,2017,41696.0
ford,2019,15787.0
ford,2017,9167.0
ford,2016,30765.0
ford,2019,29457.0
ford,2016,46098.0
ford,2016,69305.0
ford,2019,31899.0
ford,2015,69004.0
ford,2016,38830.0
ford,2019,19842.0
ford,2019,15244.0
ford,2015,65179.0
ford,2016,57936.0
ford,2018,33701.0
ford,2019,16884.0
ford,2019,15415.0
ford,2016,37385.0
ford,2016,42925.0
ford,2012,180471.0
ford,2017,32788.0
ford,2017,35691.0
ford,2017,2205.0
ford,2017,54601.0
ford,2019,15210.0
ford,2017,24686.0
ford,2019,17541.0
ford,2016,20047.0
ford,2019,29096.0
ford,2016,40437.0
ford,2014,66367.0
ford,2019,18279.0
ford,2019,30018.0
ford,2019,7742.0
ford,2018,401.0
ford,2016,42902.0
ford,2019,19363.0
ford,2012,122014.0
ford,2017,150484.0
ford,2019,7373.0
ford,2013,703.0
ford,2019,10935.0
ford,2017,36004.0
ford,2018,43567.0
ford,2012,149346.0
ford,2012,111532.0
ford,2013,64598.0
ford,2013,128753.0
ford,2019,18138.0
ford,2019,26484.0
ford,2019,11077.0
ford,2013,202565.0
ford,2018,25839.0
ford,2018,14599.0
ford,2019,14393.0
ford,2018,62386.0
ford,2018,6290.0
ford,2019,16829.0
ford,2018,41864.0
ford,2018,6248.0
ford,2018,60715.0
ford,2019,9420.0
ford,2019,13884.0
ford,2019,878.0
ford,2019,15019.0
ford,2018,49710.0
ford,2019,41662.0
ford,2018,2042.0
ford,2019,2590.0
ford,2018,23350.0
gmc,2017,26364.0
gmc,2017,28040.0
gmc,2018,14856.0
gmc,2017,30049.0
gmc,2017,33457.0
gmc,2017,28972.0
gmc,2017,39886.0
gmc,2017,39165.0
gmc,2017,27842.0
gmc,2017,32504.0
gmc,2017,31009.0
gmc,2017,30636.0
gmc,2017,31992.0
gmc,2017,27965.0
gmc,2011,148035.0
gmc,2017,30114.0
gmc,2017,117400.0
gmc,2017,35821.0
gmc,2017,39650.0
gmc,2017,70443.0
gmc,2017,59808.0
gmc,2019,16669.0
gmc,2004,235348.0
gmc,2017,27195.0
gmc,2017,41961.0
gmc,2012,140339.0
gmc,2017,52904.0
gmc,2018,54332.0
gmc,2011,119215.0
gmc,2017,58366.0
gmc,2009,87448.0
gmc,2009,169634.0
gmc,2003,138441.0
gmc,2017,25747.0
gmc,2017,19490.0
gmc,2017,31394.0
gmc,2012,105020.0
gmc,2017,23525.0
gmc,2018,27442.0
gmc,2019,15777.0
gmc,2011,144792.0
harley-davidson,2016,9502.0
heartland,2011,1.0
heartland,2012,1.0
heartland,2010,1.0
heartland,2018,1.0
heartland,2009,1.0
honda,2016,71404.0
honda,2015,83623.0
honda,2017,47970.0
honda,2016,72527.0
honda,2010,217290.0
honda,2015,109027.0
honda,2017,44129.0
honda,2003,152608.0
honda,2015,95128.0
honda,2017,16702.0
honda,2017,25956.0
honda,2014,162824.0
hyundai,2019,25847.0
hyundai,2019,35623.0
hyundai,2019,34895.0
hyundai,2019,30121.0
hyundai,2015,111612.0
hyundai,2019,43536.0
hyundai,2017,56690.0
hyundai,2019,31233.0
hyundai,2019,33785.0
hyundai,2017,35687.0
hyundai,2019,30382.0
hyundai,2014,122975.0
hyundai,2019,27492.0
hyundai,2012,142106.0
hyundai,2015,88274.0
infiniti,2019,21278.0
infiniti,2019,11047.0
infiniti,2019,25933.0
infiniti,2016,71967.0
infiniti,2019,26786.0
infiniti,2019,11394.0
infiniti,2019,32611.0
infiniti,2019,31713.0
infiniti,2019,17243.0
infiniti,2019,18229.0
infiniti,2019,20681.0
infiniti,2019,11396.0
jaguar,2019,20849.0
jeep,2019,34502.0
jeep,2019,46985.0
jeep,2014,72732.0
jeep,2019,30546.0
jeep,2001,126400.0
jeep,2019,31156.0
jeep,2019,30061.0
jeep,2014,108895.0
jeep,2019,8930.0
jeep,2019,28649.0
jeep,2019,29245.0
jeep,2019,31594.0
jeep,2019,35595.0
jeep,2019,38355.0
jeep,1999,226972.0
jeep,2019,32501.0
jeep,2019,17911.0
jeep,2019,12038.0
jeep,2019,47798.0
jeep,2019,10861.0
jeep,2019,11229.0
jeep,2019,13273.0
jeep,2019,22123.0
jeep,2019,12905.0
jeep,2019,43965.0
jeep,2019,11449.0
jeep,2019,14195.0
jeep,2019,8395.0
jeep,2019,12253.0
jeep,2019,10185.0
kia,2017,71991.0
kia,2017,86959.0
kia,2016,39408.0
kia,2018,46194.0
kia,2013,97142.0
kia,2020,11451.0
kia,2008,148463.0
kia,2017,43761.0
kia,2019,23514.0
kia,2017,53424.0
kia,2017,37668.0
kia,2017,37125.0
kia,2018,38823.0
land,2018,30220.0
land,2018,23745.0
land,2018,32387.0
land,2018,20103.0
lexus,2017,36596.0
lexus,2020,8186.0
lincoln,2005,89705.0
lincoln,2019,14541.0
maserati,2017,37021.0
mazda,2009,117541.0
mazda,2016,47753.0
mercedes-benz,2016,110907.0
mercedes-benz,2018,48140.0
mercedes-benz,2016,97983.0
mercedes-benz,2019,19427.0
mercedes-benz,2017,25302.0
mercedes-benz,2018,33687.0
mercedes-benz,2017,37561.0
mercedes-benz,2015,49772.0
mercedes-benz,2018,40780.0
mercedes-benz,2015,82411.0
nissan,2019,25261.0
nissan,2019,20628.0
nissan,2019,21273.0
nissan,2019,23863.0
nissan,2019,27206.0
nissan,2019,24987.0
nissan,2019,20508.0
nissan,2017,17738.0
nissan,2019,30645.0
nissan,2017,60158.0
nissan,2019,39985.0
nissan,2017,48765.0
nissan,2016,31566.0
nissan,2016,63738.0
nissan,2018,45080.0
nissan,2018,24143.0
nissan,2012,234792.0
nissan,2013,155704.0
nissan,2019,21774.0
nissan,2016,37605.0
nissan,2012,83720.0
nissan,2012,161836.0
nissan,2016,22041.0
nissan,2018,52260.0
nissan,2016,115716.0
nissan,2018,41141.0
nissan,2018,41136.0
nissan,2018,41557.0
nissan,2018,42838.0
nissan,2018,38761.0
nissan,2018,31551.0
nissan,2018,40648.0
nissan,2018,41203.0
nissan,2018,39893.0
nissan,2018,46382.0
nissan,2018,39247.0
nissan,2018,39208.0
nissan,2017,11837.0
nissan,2019,41287.0
nissan,2017,27790.0
nissan,2019,14470.0
nissan,2019,18857.0
nissan,2019,29661.0
nissan,2019,24303.0
nissan,2019,29545.0
nissan,2019,43612.0
nissan,2017,1.0
nissan,2019,42364.0
nissan,2019,31026.0
nissan,2019,18137.0
nissan,2019,16248.0
nissan,2019,31172.0
nissan,2020,10875.0
nissan,2020,15931.0
nissan,2020,14531.0
nissan,2020,12748.0
nissan,2019,25664.0
nissan,2019,19182.0
nissan,2019,37108.0
nissan,2019,24174.0
nissan,2019,26406.0
nissan,2017,16224.0
nissan,2019,21623.0
nissan,2017,28918.0
nissan,2019,33369.0
nissan,2019,24155.0
nissan,2019,19292.0
nissan,2019,26432.0
nissan,2018,44732.0
nissan,2019,26930.0
nissan,2019,32519.0
nissan,2019,20793.0
nissan,2018,17127.0
nissan,2019,22947.0
nissan,2019,32473.0
nissan,2019,30756.0
nissan,2019,40839.0
nissan,2015,132655.0
nissan,2018,35677.0
nissan,2015,74906.0
nissan,2019,23609.0
nissan,2018,34553.0
nissan,2018,31594.0
nissan,2019,30599.0
nissan,2018,33808.0
nissan,2019,31123.0
nissan,2015,75858.0
nissan,2018,33027.0
nissan,2018,34547.0
nissan,2018,39454.0
nissan,2018,41852.0
nissan,2018,39885.0
nissan,2018,38563.0
nissan,2018,36207.0
nissan,2018,36714.0
nissan,2018,39797.0
nissan,2018,40203.0
nissan,2018,37452.0
nissan,2019,35511.0
nissan,2018,40259.0
nissan,2018,33931.0
nissan,2018,41096.0
nissan,2019,40359.0
nissan,2018,44313.0
nissan,2018,33078.0
nissan,2019,24320.0
nissan,2018,42502.0
nissan,2019,25264.0
nissan,2019,33497.0
nissan,2019,36974.0
nissan,2018,41220.0
nissan,2019,1.0
nissan,2018,41539.0
nissan,2019,19646.0
nissan,2018,39924.0
nissan,2019,33279.0
nissan,2018,39577.0
nissan,2017,28079.0
nissan,2018,27488.0
nissan,2018,35065.0
nissan,2019,30721.0
nissan,2019,34692.0
nissan,2015,99767.0
nissan,2018,16778.0
nissan,2019,42397.0
nissan,2018,44864.0
nissan,2018,30409.0
nissan,2017,53376.0
nissan,2016,76789.0
nissan,2018,13875.0
nissan,2018,37830.0
nissan,2017,25918.0
nissan,2012,92878.0
nissan,2014,65620.0
nissan,2017,94258.0
nissan,2017,53155.0
nissan,2018,6024.0
nissan,2018,37741.0
nissan,2016,21282.0
nissan,2018,33048.0
nissan,2018,34841.0
nissan,2018,38760.0
nissan,2018,34640.0
nissan,2013,98384.0
nissan,2018,37073.0
nissan,2018,35493.0
nissan,2018,40419.0
nissan,2015,81699.0
nissan,2018,39817.0
nissan,2018,34460.0
nissan,2016,46178.0
nissan,2015,83975.0
nissan,2016,59640.0
nissan,2017,127780.0
nissan,2018,8889.0
nissan,2018,10372.0
nissan,2018,30594.0
nissan,2020,14850.0
nissan,2018,31371.0
nissan,2018,28880.0
nissan,2019,31939.0
nissan,2019,15832.0
nissan,2019,26743.0
nissan,2019,18300.0
nissan,2019,31397.0
nissan,2019,26516.0
nissan,2019,27611.0
nissan,2019,1.0
nissan,2019,36996.0
nissan,2019,22305.0
nissan,2019,22319.0
nissan,2018,40332.0
nissan,2018,41033.0
nissan,2018,43531.0
nissan,2018,45331.0
nissan,2019,31037.0
nissan,2018,38806.0
nissan,2019,22521.0
nissan,2019,28315.0
nissan,2018,28626.0
nissan,2017,41729.0
nissan,2018,37088.0
nissan,2019,30099.0
nissan,2018,34837.0
nissan,2018,32656.0
nissan,2018,34761.0
nissan,2018,34138.0
nissan,2013,104343.0
nissan,2017,36844.0
nissan,2017,45826.0
nissan,2018,49185.0
nissan,2018,45732.0
nissan,2018,42250.0
nissan,2017,83437.0
nissan,2019,31335.0
nissan,2018,40478.0
nissan,2018,39183.0
nissan,2018,41077.0
nissan,2015,83915.0
nissan,2017,33599.0
nissan,2017,31954.0
nissan,2016,41654.0
nissan,2017,25255.0
nissan,2018,32256.0
nissan,2017,34318.0
nissan,2018,43152.0
nissan,2017,30142.0
nissan,2018,38349.0
nissan,2017,34861.0
nissan,2017,36064.0
nissan,2018,29043.0
nissan,2017,42616.0
nissan,2018,36739.0
nissan,2017,40306.0
nissan,2017,35251.0
nissan,2018,32557.0
nissan,2018,31231.0
nissan,2018,39996.0
nissan,2018,40455.0
nissan,2018,41579.0
nissan,2018,38816.0
nissan,2018,39985.0
nissan,2018,34962.0
nissan,2018,34924.0
nissan,2018,43064.0
nissan,2018,35050.0
nissan,2018,33644.0
nissan,2018,35491.0
nissan,2018,36788.0
nissan,2018,33437.0
nissan,2018,36715.0
nissan,2018,35374.0
nissan,2020,10728.0
nissan,2018,35831.0
nissan,2018,47510.0
nissan,2017,17195.0
nissan,2018,12129.0
nissan,2015,12840.0
nissan,2015,35902.0
nissan,2015,24629.0
nissan,2018,42782.0
nissan,2016,42837.0
nissan,2015,45043.0
nissan,2012,117844.0
nissan,2015,43279.0
nissan,2015,62921.0
nissan,2016,58126.0
nissan,2020,264.0
nissan,2020,15387.0
nissan,2015,43651.0
nissan,2019,34122.0
nissan,2018,52571.0
nissan,2015,63933.0
nissan,2012,100079.0
nissan,2015,37953.0
nissan,2017,8677.0
nissan,2020,21009.0
nissan,2018,39598.0
nissan,2016,98354.0
nissan,2018,41366.0
nissan,2018,28009.0
nissan,2018,33605.0
nissan,2018,36844.0
nissan,2019,37398.0
nissan,2012,92982.0
nissan,2018,35870.0
nissan,2018,34951.0
nissan,2018,39309.0
nissan,2018,29554.0
nissan,2016,19723.0
nissan,2020,14320.0
nissan,2020,11583.0
nissan,2018,44423.0
nissan,2018,65184.0
nissan,2020,19597.0
nissan,2018,51654.0
nissan,2019,24046.0
nissan,2016,53011.0
nissan,2018,54815.0
nissan,2017,15621.0
nissan,2013,144015.0
nissan,2017,31198.0
nissan,2015,91898.0
nissan,2020,15160.0
nissan,2017,37619.0
nissan,2020,10317.0
nissan,2015,24396.0
nissan,2017,58529.0
nissan,2017,59508.0
nissan,2017,74859.0
nissan,2017,62280.0
nissan,2013,100225.0
nissan,2017,54117.0
nissan,2018,56255.0
nissan,2012,162176.0
nissan,2018,50871.0
nissan,2016,77504.0
nissan,2018,48977.0
nissan,2015,73382.0
nissan,2017,54119.0
nissan,2018,53903.0
nissan,2012,159990.0
nissan,2018,51552.0
nissan,2013,105590.0
nissan,2018,54692.0
nissan,2018,43187.0
nissan,2019,18611.0
nissan,2012,206142.0
nissan,2015,101178.0
nissan,2018,37655.0
nissan,2012,107734.0
nissan,2018,53098.0
ram,2017,30421.0
toyota,2008,274117.0